{"stats":{"minecraft:custom":{"minecraft:time_since_rest":3694,"minecraft:crouch_one_cm":2633,"minecraft:play_time":29413,"minecraft:sprint_one_cm":20760,"minecraft:deaths":1,"minecraft:damage_taken":240,"minecraft:walk_one_cm":11814,"minecraft:sneak_time":1175,"minecraft:walk_under_water_one_cm":37,"minecraft:drop":1,"minecraft:jump":219,"minecraft:time_since_death":0,"minecraft:walk_on_water_one_cm":185,"minecraft:total_world_time":29413,"minecraft:swim_one_cm":422,"minecraft:fall_one_cm":836,"minecraft:fly_one_cm":241368},"minecraft:dropped":{"minecraft:diamond":4},"minecraft:mined":{"minecraft:grass":2,"minecraft:birch_log":2},"minecraft:picked_up":{"minecraft:birch_log":1,"minecraft:prismarine_shard":1,"minecraft:diamond":4},"minecraft:used":{"easy_npc:zombie_spawn_egg":1},"minecraft:killed_by":{"minecraft:player":1}},"DataVersion":3465}