{"stats":{"minecraft:custom":{"minecraft:time_since_rest":27810,"minecraft:crouch_one_cm":2690,"minecraft:play_time":53529,"minecraft:sprint_one_cm":20760,"minecraft:deaths":1,"minecraft:damage_taken":240,"minecraft:walk_one_cm":13025,"minecraft:sneak_time":1193,"minecraft:walk_under_water_one_cm":37,"minecraft:drop":1,"minecraft:jump":226,"minecraft:leave_game":1,"minecraft:time_since_death":8190,"minecraft:walk_on_water_one_cm":185,"minecraft:total_world_time":53529,"minecraft:swim_one_cm":422,"minecraft:fall_one_cm":836,"minecraft:fly_one_cm":241368},"minecraft:dropped":{"minecraft:diamond":4},"minecraft:mined":{"minecraft:grass":2,"minecraft:birch_log":2},"minecraft:picked_up":{"minecraft:birch_log":1,"minecraft:prismarine_shard":1,"minecraft:diamond":4},"minecraft:used":{"easy_npc:zombie_spawn_egg":1},"minecraft:killed_by":{"minecraft:player":1}},"DataVersion":3465}