{"stats":{"minecraft:custom":{"minecraft:jump":218,"minecraft:time_since_rest":17413,"minecraft:crouch_one_cm":2633,"minecraft:sprint_one_cm":20760,"minecraft:play_time":17413,"minecraft:walk_on_water_one_cm":185,"minecraft:time_since_death":17413,"minecraft:walk_one_cm":11814,"minecraft:sneak_time":1175,"minecraft:total_world_time":17413,"minecraft:walk_under_water_one_cm":37,"minecraft:swim_one_cm":422,"minecraft:drop":1,"minecraft:fall_one_cm":836,"minecraft:fly_one_cm":241328},"minecraft:dropped":{"minecraft:diamond":4},"minecraft:mined":{"minecraft:birch_log":2,"minecraft:grass":2},"minecraft:picked_up":{"minecraft:prismarine_shard":1,"minecraft:diamond":4,"minecraft:birch_log":1},"minecraft:used":{"easy_npc:zombie_spawn_egg":1}},"DataVersion":3465}