{"stats":{"minecraft:custom":{"minecraft:jump":75,"minecraft:time_since_rest":5413,"minecraft:crouch_one_cm":268,"minecraft:sprint_one_cm":6887,"minecraft:play_time":5413,"minecraft:walk_on_water_one_cm":185,"minecraft:time_since_death":5413,"minecraft:walk_one_cm":3520,"minecraft:sneak_time":427,"minecraft:total_world_time":5413,"minecraft:walk_under_water_one_cm":37,"minecraft:swim_one_cm":422,"minecraft:fall_one_cm":836,"minecraft:fly_one_cm":133257},"minecraft:mined":{"minecraft:birch_log":2,"minecraft:grass":2},"minecraft:picked_up":{"minecraft:birch_log":1}},"DataVersion":3465}