{"stats":{"minecraft:picked_up":{"minecraft:birch_log":1,"minecraft:prismarine_shard":1,"minecraft:diamond":4},"minecraft:used":{"easy_npc:zombie_spawn_egg":1},"minecraft:custom":{"minecraft:time_since_rest":64,"minecraft:crouch_one_cm":2690,"minecraft:sprint_one_cm":20760,"minecraft:play_time":53906,"minecraft:damage_taken":480,"minecraft:deaths":2,"minecraft:walk_one_cm":13937,"minecraft:sneak_time":1225,"minecraft:walk_under_water_one_cm":37,"minecraft:drop":1,"minecraft:jump":229,"minecraft:leave_game":2,"minecraft:walk_on_water_one_cm":185,"minecraft:time_since_death":37,"minecraft:total_world_time":53906,"minecraft:swim_one_cm":422,"minecraft:fall_one_cm":836,"minecraft:fly_one_cm":241408},"minecraft:mined":{"minecraft:grass":2,"minecraft:birch_log":2},"minecraft:killed_by":{"minecraft:player":2},"minecraft:dropped":{"minecraft:diamond":4}},"DataVersion":3465}