{"stats":{"minecraft:custom":{"minecraft:jump":205,"minecraft:time_since_rest":17535,"minecraft:crouch_one_cm":209,"minecraft:sprint_one_cm":16759,"minecraft:play_time":17535,"minecraft:walk_on_water_one_cm":234,"minecraft:time_since_death":17535,"minecraft:walk_one_cm":12617,"minecraft:sneak_time":562,"minecraft:climb_one_cm":97,"minecraft:total_world_time":17535,"minecraft:walk_under_water_one_cm":2463,"minecraft:drop":1,"minecraft:fall_one_cm":209,"minecraft:fly_one_cm":350771},"minecraft:dropped":{"minecraft:prismarine_shard":1},"minecraft:mined":{"minecraft:dead_bush":3},"minecraft:picked_up":{"minecraft:stick":2},"minecraft:used":{"easy_npc:allay_spawn_egg":1}},"DataVersion":3465}