{"stats":{"minecraft:picked_up":{"minecraft:stick":2,"minecraft:netherite_ingot":4,"minecraft:diamond":1},"minecraft:used":{"easy_npc:allay_spawn_egg":1,"minecraft:netherite_sword":4},"minecraft:custom":{"minecraft:time_since_rest":56543,"minecraft:crouch_one_cm":495,"minecraft:sprint_one_cm":28751,"minecraft:play_time":56543,"minecraft:walk_one_cm":23989,"minecraft:sneak_time":630,"minecraft:walk_under_water_one_cm":2463,"minecraft:drop":1,"minecraft:jump":365,"minecraft:damage_dealt":415,"minecraft:leave_game":3,"minecraft:walk_on_water_one_cm":234,"minecraft:time_since_death":56543,"minecraft:climb_one_cm":97,"minecraft:total_world_time":56543,"minecraft:fall_one_cm":209,"minecraft:fly_one_cm":380613,"minecraft:player_kills":2},"minecraft:mined":{"minecraft:dead_bush":3},"minecraft:dropped":{"minecraft:prismarine_shard":1}},"DataVersion":3465}