{"stats":{"minecraft:dropped":{"minecraft:prismarine_shard":1},"minecraft:mined":{"minecraft:dead_bush":3},"minecraft:picked_up":{"minecraft:stick":2,"minecraft:netherite_ingot":4,"minecraft:diamond":1},"minecraft:custom":{"minecraft:time_since_rest":55109,"minecraft:crouch_one_cm":482,"minecraft:sprint_one_cm":25156,"minecraft:play_time":55109,"minecraft:walk_one_cm":21879,"minecraft:sneak_time":623,"minecraft:walk_under_water_one_cm":2463,"minecraft:drop":1,"minecraft:jump":321,"minecraft:damage_dealt":207,"minecraft:leave_game":2,"minecraft:walk_on_water_one_cm":234,"minecraft:time_since_death":55109,"minecraft:climb_one_cm":97,"minecraft:total_world_time":55109,"minecraft:fall_one_cm":209,"minecraft:fly_one_cm":370207,"minecraft:player_kills":1},"minecraft:used":{"easy_npc:allay_spawn_egg":1,"minecraft:netherite_sword":2}},"DataVersion":3465}