{"stats":{"minecraft:custom":{"minecraft:time_since_rest":62438,"minecraft:damage_taken":125,"minecraft:crouch_one_cm":658,"minecraft:sprint_one_cm":31388,"minecraft:play_time":62438,"minecraft:walk_one_cm":28613,"minecraft:sneak_time":676,"minecraft:mob_kills":1,"minecraft:walk_under_water_one_cm":2463,"minecraft:drop":1,"minecraft:jump":406,"minecraft:damage_dealt":575,"minecraft:leave_game":3,"minecraft:walk_on_water_one_cm":234,"minecraft:time_since_death":62438,"minecraft:climb_one_cm":97,"minecraft:total_world_time":62438,"minecraft:fall_one_cm":1700,"minecraft:fly_one_cm":389021,"minecraft:player_kills":2},"minecraft:killed":{"minecraft:spider":1},"minecraft:dropped":{"minecraft:prismarine_shard":1},"minecraft:used":{"easy_npc:allay_spawn_egg":1,"minecraft:netherite_sword":7},"minecraft:picked_up":{"minecraft:stick":2,"minecraft:netherite_ingot":4,"minecraft:diamond":1},"minecraft:mined":{"minecraft:dead_bush":3}},"DataVersion":3465}