{"stats":{"minecraft:used":{"minecraft:netherite_sword":10,"easy_npc:allay_spawn_egg":1},"minecraft:killed":{"minecraft:spider":1,"minecraft:zombie":1},"minecraft:dropped":{"minecraft:prismarine_shard":1},"minecraft:mined":{"minecraft:dead_bush":3},"minecraft:picked_up":{"minecraft:stick":2,"minecraft:netherite_ingot":4,"minecraft:diamond":1},"minecraft:custom":{"minecraft:time_since_rest":77173,"minecraft:crouch_one_cm":658,"minecraft:sprint_one_cm":36491,"minecraft:play_time":77173,"minecraft:damage_taken":125,"minecraft:walk_one_cm":33778,"minecraft:sneak_time":676,"minecraft:walk_under_water_one_cm":2463,"minecraft:mob_kills":2,"minecraft:drop":1,"minecraft:jump":471,"minecraft:damage_dealt":775,"minecraft:leave_game":5,"minecraft:walk_on_water_one_cm":234,"minecraft:time_since_death":77173,"minecraft:climb_one_cm":97,"minecraft:total_world_time":77173,"minecraft:fall_one_cm":1700,"minecraft:fly_one_cm":410402,"minecraft:player_kills":2}},"DataVersion":3465}