{"stats":{"minecraft:custom":{"minecraft:jump":277,"minecraft:time_since_rest":41535,"minecraft:damage_dealt":207,"minecraft:crouch_one_cm":250,"minecraft:sprint_one_cm":21773,"minecraft:play_time":41535,"minecraft:walk_on_water_one_cm":234,"minecraft:time_since_death":41535,"minecraft:walk_one_cm":17522,"minecraft:sneak_time":590,"minecraft:climb_one_cm":97,"minecraft:total_world_time":41535,"minecraft:walk_under_water_one_cm":2463,"minecraft:drop":1,"minecraft:fall_one_cm":209,"minecraft:fly_one_cm":360644,"minecraft:player_kills":1},"minecraft:dropped":{"minecraft:prismarine_shard":1},"minecraft:mined":{"minecraft:dead_bush":3},"minecraft:picked_up":{"minecraft:netherite_ingot":4,"minecraft:stick":2,"minecraft:diamond":1},"minecraft:used":{"minecraft:netherite_sword":2,"easy_npc:allay_spawn_egg":1}},"DataVersion":3465}